Validator,PT_VERSION,2.11.0
Validator,HIP_VERSION,714
Validator,HIPBLASLT_VERSION,100401-cd957402
Validator,GCN_ARCH_NAME,gfx1100
Validator,ROCBLAS_VERSION,5.5.0.cd957402
GemmTunableOp_BFloat16_TN,tn_336_1_10240_ld_10240_10240_336,Gemm_Rocblas_-9,0.0306613
GemmTunableOp_BFloat16_TN,tn_10240_1_320_ld_320_320_10240,Gemm_Rocblas_-1140855014,0.0143403
GemmTunableOp_BFloat16_TN,tn_8240_1_2560_ld_2560_2560_8240,Gemm_Hipblaslt_571,0.0334742
GemmTunableOp_BFloat16_TN,tn_2560_1_3072_ld_3072_3072_2560,Gemm_Hipblaslt_575,0.020301
GemmTunableOp_BFloat16_TN,tn_512_1_2560_ld_2560_2560_512,Gemm_Rocblas_-9,0.0159279
GemmTunableOp_BFloat16_TN,tn_640_1_2560_ld_2560_2560_640,Gemm_Rocblas_-9,0.0176891
GemmTunableOp_BFloat16_TN,tn_2560_1_320_ld_320_320_2560,Gemm_Rocblas_-1140855028,0.012097
GemmTunableOp_BFloat16_TN,tn_10240_1_2560_ld_2560_2560_10240,Gemm_Hipblaslt_581,0.0341947
GemmTunableOp_BFloat16_TN,tn_2560_1_2560_ld_2560_2560_2560,Gemm_Hipblaslt_562,0.0196417
GemmTunableOp_BFloat16_TN,tn_6656_1_2560_ld_2560_2560_6656,Gemm_Hipblaslt_569,0.0287844
GemmTunableOp_BFloat16_TN,tn_320_1_10240_ld_10240_10240_320,Gemm_Rocblas_-9,0.0184347
GemmTunableOp_BFloat16_TN,tn_124160_1_2560_ld_2560_2560_124160,Gemm_Hipblaslt_562,0.851885
GemmTunableOp_BFloat16_TN,tn_336_53_10240_ld_10240_10240_336,Gemm_Hipblaslt_544,0.0364074
GemmTunableOp_BFloat16_TN,tn_10240_53_320_ld_320_320_10240,Gemm_Rocblas_-1140855058,0.0160411
GemmTunableOp_BFloat16_TN,tn_8240_53_2560_ld_2560_2560_8240,Gemm_Rocblas_-1140855060,0.0466764
GemmTunableOp_BFloat16_TN,tn_2560_53_3072_ld_3072_3072_2560,Gemm_Hipblaslt_574,0.0294337
GemmTunableOp_BFloat16_TN,tn_512_53_2560_ld_2560_2560_512,Gemm_Hipblaslt_566,0.0208228
GemmTunableOp_BFloat16_TN,tn_640_53_2560_ld_2560_2560_640,Gemm_Hipblaslt_575,0.0210236
GemmTunableOp_BFloat16_TN,tn_2560_53_320_ld_320_320_2560,Gemm_Rocblas_-1140855027,0.0124078
GemmTunableOp_BFloat16_TN,tn_10240_53_2560_ld_2560_2560_10240,Gemm_Rocblas_-1140855044,0.0465756
GemmTunableOp_BFloat16_TN,tn_2560_53_2560_ld_2560_2560_2560,Gemm_Rocblas_-1140855019,0.0270713
GemmTunableOp_BFloat16_TN,tn_6656_53_2560_ld_2560_2560_6656,Gemm_Rocblas_-1140855048,0.0397995
GemmTunableOp_BFloat16_TN,tn_320_53_10240_ld_10240_10240_320,Gemm_Hipblaslt_520,0.0321462
GemmTunableOp_BFloat16_TN,tn_336_55_10240_ld_10240_10240_336,Gemm_Hipblaslt_520,0.0322954
GemmTunableOp_BFloat16_TN,tn_10240_55_320_ld_320_320_10240,Gemm_Rocblas_-1140855059,0.0147207
GemmTunableOp_BFloat16_TN,tn_8240_55_2560_ld_2560_2560_8240,Gemm_Rocblas_-1140855049,0.0479488
GemmTunableOp_BFloat16_TN,tn_2560_55_3072_ld_3072_3072_2560,Gemm_Hipblaslt_574,0.0290669
GemmTunableOp_BFloat16_TN,tn_512_55_2560_ld_2560_2560_512,Gemm_Hipblaslt_520,0.0195988
GemmTunableOp_BFloat16_TN,tn_640_55_2560_ld_2560_2560_640,Gemm_Hipblaslt_544,0.0199079
GemmTunableOp_BFloat16_TN,tn_2560_55_320_ld_320_320_2560,Gemm_Rocblas_-1140855014,0.0124734
GemmTunableOp_BFloat16_TN,tn_10240_55_2560_ld_2560_2560_10240,Gemm_Rocblas_-1140855063,0.0472121
GemmTunableOp_BFloat16_TN,tn_2560_55_2560_ld_2560_2560_2560,Gemm_Hipblaslt_574,0.025976
GemmTunableOp_BFloat16_TN,tn_6656_55_2560_ld_2560_2560_6656,Gemm_Rocblas_-1140855044,0.0394815
GemmTunableOp_BFloat16_TN,tn_320_55_10240_ld_10240_10240_320,Gemm_Hipblaslt_520,0.0321661
GemmTunableOp_BFloat16_TN,tn_336_4096_10240_ld_10240_10240_336,Gemm_Hipblaslt_458,0.353894
GemmTunableOp_BFloat16_TN,tn_10240_4096_320_ld_320_320_10240,Default,0.342926
GemmTunableOp_BFloat16_TN,tn_8240_4096_2560_ld_2560_2560_8240,Gemm_Hipblaslt_580,1.67181
GemmTunableOp_BFloat16_TN,tn_2560_4096_3072_ld_3072_3072_2560,Gemm_Hipblaslt_578,0.729421
GemmTunableOp_BFloat16_TN,tn_512_4096_2560_ld_2560_2560_512,Gemm_Rocblas_-1140855006,0.142566
GemmTunableOp_BFloat16_TN,tn_640_4096_2560_ld_2560_2560_640,Gemm_Hipblaslt_580,0.159624
GemmTunableOp_BFloat16_TN,tn_2560_4096_320_ld_320_320_2560,Default,0.0904732
GemmTunableOp_BFloat16_TN,tn_10240_4096_2560_ld_2560_2560_10240,Gemm_Hipblaslt_580,2.32168
GemmTunableOp_BFloat16_TN,tn_2560_4096_2560_ld_2560_2560_2560,Gemm_Hipblaslt_578,0.617618
GemmTunableOp_BFloat16_TN,tn_6656_4096_2560_ld_2560_2560_6656,Gemm_Hipblaslt_580,1.54715
GemmTunableOp_BFloat16_TN,tn_320_4096_10240_ld_10240_10240_320,Gemm_Hipblaslt_518,0.345542
GemmTunableOp_BFloat16_TN,tn_336_602_10240_ld_10240_10240_336,Gemm_Hipblaslt_526,0.0888828
GemmTunableOp_BFloat16_TN,tn_10240_602_320_ld_320_320_10240,Gemm_Rocblas_-1140854962,0.0619915
GemmTunableOp_BFloat16_TN,tn_8240_602_2560_ld_2560_2560_8240,Gemm_Hipblaslt_580,0.320889
GemmTunableOp_BFloat16_TN,tn_2560_602_3072_ld_3072_3072_2560,Gemm_Hipblaslt_489,0.130416
GemmTunableOp_BFloat16_TN,tn_512_602_2560_ld_2560_2560_512,Gemm_Rocblas_-1140855062,0.0338514
GemmTunableOp_BFloat16_TN,tn_640_602_2560_ld_2560_2560_640,Gemm_Rocblas_-1140855060,0.0400087
GemmTunableOp_BFloat16_TN,tn_2560_602_320_ld_320_320_2560,Gemm_Rocblas_-1140855063,0.0265845
GemmTunableOp_BFloat16_TN,tn_10240_602_2560_ld_2560_2560_10240,Gemm_Hipblaslt_580,0.382962
GemmTunableOp_BFloat16_TN,tn_2560_602_2560_ld_2560_2560_2560,Gemm_Hipblaslt_527,0.112672
GemmTunableOp_BFloat16_TN,tn_6656_602_2560_ld_2560_2560_6656,Gemm_Hipblaslt_580,0.268985
GemmTunableOp_BFloat16_TN,tn_320_602_10240_ld_10240_10240_320,Gemm_Hipblaslt_526,0.0875836
GemmTunableOp_BFloat16_TN,tn_336_59_10240_ld_10240_10240_336,Gemm_Hipblaslt_520,0.032299
GemmTunableOp_BFloat16_TN,tn_10240_59_320_ld_320_320_10240,Gemm_Rocblas_-1140855042,0.0147487
GemmTunableOp_BFloat16_TN,tn_8240_59_2560_ld_2560_2560_8240,Gemm_Rocblas_-1140855044,0.0480432
GemmTunableOp_BFloat16_TN,tn_2560_59_3072_ld_3072_3072_2560,Gemm_Hipblaslt_574,0.029817
GemmTunableOp_BFloat16_TN,tn_512_59_2560_ld_2560_2560_512,Gemm_Hipblaslt_566,0.01961
GemmTunableOp_BFloat16_TN,tn_640_59_2560_ld_2560_2560_640,Gemm_Hipblaslt_520,0.0198968
GemmTunableOp_BFloat16_TN,tn_2560_59_320_ld_320_320_2560,Default,0.0116966
GemmTunableOp_BFloat16_TN,tn_10240_59_2560_ld_2560_2560_10240,Gemm_Rocblas_-1140855044,0.0507665
GemmTunableOp_BFloat16_TN,tn_2560_59_2560_ld_2560_2560_2560,Gemm_Hipblaslt_574,0.0261169
GemmTunableOp_BFloat16_TN,tn_6656_59_2560_ld_2560_2560_6656,Gemm_Rocblas_-1140855044,0.0403423
GemmTunableOp_BFloat16_TN,tn_320_59_10240_ld_10240_10240_320,Gemm_Hipblaslt_520,0.032159
GemmTunableOp_BFloat16_TN,tn_336_112_10240_ld_10240_10240_336,Gemm_Hipblaslt_544,0.0336562
GemmTunableOp_BFloat16_TN,tn_10240_112_320_ld_320_320_10240,Gemm_Rocblas_-1140854949,0.0208084
GemmTunableOp_BFloat16_TN,tn_8240_112_2560_ld_2560_2560_8240,Gemm_Hipblaslt_500,0.0830183
GemmTunableOp_BFloat16_TN,tn_2560_112_3072_ld_3072_3072_2560,Gemm_Rocblas_-1140855061,0.0356718
GemmTunableOp_BFloat16_TN,tn_512_112_2560_ld_2560_2560_512,Gemm_Hipblaslt_575,0.0206172
GemmTunableOp_BFloat16_TN,tn_640_112_2560_ld_2560_2560_640,Gemm_Hipblaslt_520,0.0215452
GemmTunableOp_BFloat16_TN,tn_2560_112_320_ld_320_320_2560,Gemm_Rocblas_-1140855020,0.0134802
GemmTunableOp_BFloat16_TN,tn_10240_112_2560_ld_2560_2560_10240,Gemm_Hipblaslt_578,0.0885096
GemmTunableOp_BFloat16_TN,tn_2560_112_2560_ld_2560_2560_2560,Gemm_Rocblas_-1140855066,0.0313326
GemmTunableOp_BFloat16_TN,tn_6656_112_2560_ld_2560_2560_6656,Gemm_Rocblas_-1140855050,0.0593799
GemmTunableOp_BFloat16_TN,tn_320_112_10240_ld_10240_10240_320,Gemm_Hipblaslt_520,0.0325898
GemmTunableOp_BFloat16_TN,tn_336_192_10240_ld_10240_10240_336,Gemm_Hipblaslt_477,0.0441532
GemmTunableOp_BFloat16_TN,tn_10240_192_320_ld_320_320_10240,Gemm_Rocblas_-1140854950,0.0251057
GemmTunableOp_BFloat16_TN,tn_8240_192_2560_ld_2560_2560_8240,Gemm_Rocblas_-1140855044,0.113953
GemmTunableOp_BFloat16_TN,tn_2560_192_3072_ld_3072_3072_2560,Gemm_Hipblaslt_528,0.0463609
GemmTunableOp_BFloat16_TN,tn_512_192_2560_ld_2560_2560_512,Gemm_Rocblas_-1140855023,0.024404
GemmTunableOp_BFloat16_TN,tn_640_192_2560_ld_2560_2560_640,Gemm_Rocblas_-1140855023,0.0250809
GemmTunableOp_BFloat16_TN,tn_2560_192_320_ld_320_320_2560,Default,0.014313
GemmTunableOp_BFloat16_TN,tn_10240_192_2560_ld_2560_2560_10240,Gemm_Hipblaslt_577,0.126155
GemmTunableOp_BFloat16_TN,tn_2560_192_2560_ld_2560_2560_2560,Gemm_Rocblas_-1140855044,0.0406011
GemmTunableOp_BFloat16_TN,tn_6656_192_2560_ld_2560_2560_6656,Gemm_Hipblaslt_578,0.0856695
GemmTunableOp_BFloat16_TN,tn_320_192_10240_ld_10240_10240_320,Gemm_Hipblaslt_477,0.0434612
